announcement_id,sent_at,read_at,from_id,from_username,subject,body,url
ann_bosiny,2026-05-26T02:14:50Z,2026-05-26T03:09:44Z,t2_6l4z3,AutoModerator,Your submission to r/accelerate was removed,"Sorry! Your content has been removed because your account is less than 7 days old (this is just to try to avoid bot spam). Please try again in a few days!

You can view your removed content here: https://www.reddit.com/r/accelerate/comments/1tnf903/ai_will_displace_human_labor_at_very_large_scale/onwchi3/?context=3

*I am a bot, and this action was performed automatically. Please [contact the moderators of this subreddit](/message/compose/?to=/r/accelerate) if you have any questions or concerns.*",https://www.reddit.com/notifications/a/ann_bosiny
ann_bosqmg,2026-05-26T02:24:24Z,2026-05-26T03:15:02Z,t2_6l4z3,AutoModerator,Your submission to r/accelerate was removed,"Sorry! Your content has been removed because your account is less than 7 days old (this is just to try to avoid bot spam). Please try again in a few days!

You can view your removed content here: https://www.reddit.com/r/accelerate/comments/1tnkebw/the_strength_of_gemini_omni_is_in_video/onwe3ss/

*I am a bot, and this action was performed automatically. Please [contact the moderators of this subreddit](/message/compose/?to=/r/accelerate) if you have any questions or concerns.*",https://www.reddit.com/notifications/a/ann_bosqmg
ann_cnxwun,2026-05-29T17:30:15Z,2026-05-30T09:00:21Z,t2_6l4z3,AutoModerator,Your submission to r/accelerate was removed,"Sorry! Your content has been removed because your account is less than 7 days old (this is just to try to avoid bot spam). Please try again in a few days!

You can view your removed content here: https://www.reddit.com/r/accelerate/comments/1tqo17g/thoughts_on_this/ooly01v/

*I am a bot, and this action was performed automatically. Please [contact the moderators of this subreddit](/message/compose/?to=/r/accelerate) if you have any questions or concerns.*",https://www.reddit.com/notifications/a/ann_cnxwun
ann_ctpu5i,2026-05-30T07:44:14Z,2026-05-30T08:01:44Z,t2_60l0cuqh,RedditCareResources,There are people and resources here for you,"Hi there,

A concerned redditor reached out to us about you.

When you're in the middle of something painful, it may feel like you don't have a lot of options. But whatever you're going through, you deserve help and there are people who are here for you.

There are resources available that are free, confidential, and available 24/7.

Inside the U.S.
   - [Crisis Text Line](https://www.crisistextline.org/): Text CHAT to 741741
   - [Suicide & Crisis Lifeline](https://988lifeline.org/): Call or text 988

Outside the U.S.
   - Call, Text, or Chat with Canada's [Crisis Services Canada](https://www.crisisservicescanada.ca/en/)
   - Call, Email, or Visit the UK's [Samaritans](https://www.samaritans.org/)
   - Call, text, or chat with [Australia's Lifeline](https://www.lifeline.org.au/).

If you don't see a resource in your area above, the moderators at r/SuicideWatch keep a comprehensive list of resources and hotlines for people organized by location. [Find Someone Now](https://www.reddit.com/r/SuicideWatch/wiki/hotlines)

If you think you may be depressed or struggling in another way, don't ignore it or brush it aside. Take yourself and your feelings seriously, and reach out to someone.

It may not feel like it, but you have options. There are people available to listen to you, and ways to move forward.

Your fellow redditors care about you and there are people who want to help.

If you'd like to stop receiving messages like this from RedditCareResources, turn off notifications from this admin.",https://www.reddit.com/notifications/a/ann_ctpu5i
