filename,sha256
account_gender.csv,f369150914fb9a5fe584ff31b20f16ff1907560a5836d26524338c382d2e9bef
sensitive_ads_preferences.csv,ec335b43a773b36c7ef43ee7ba4c7b65b33a2675a8d6f7ae2e752ccceb92b23d
announcements.csv,0f39059abd79ec9e316619efee63e868d119d9d1984e7bdcb6487984808f106b
approved_submitter_subreddits.csv,4d55769d93bc80aca6ff82fcb170b9fbc148f3178f7805e9c46cdaed88907410
birthdate.csv,0039c7ad0c5c51c5f286f23a58ea3df9403c621a53d0763fbfaa87435db36688
chat_history.csv,b657d14db90bd5fcfa27a55bffc54f2380307fbaabe86482b41fc0d4fdcdb47f
comment_headers.csv,946c1708353f2ce3478c1a479f5361ca9c688b49cc994de1dda1b63e9822d91e
comment_votes.csv,b56f9dd873fd5a34174783fec2160e50d6f3bb73e2d37392bfd9ebfb95a80506
comments.csv,63179f6fb02346af4d5a5237cfba13d8b44ebc5df50ffea970b83342365318bd
drafts.csv,0b5a5ad5f79412e9d2855c154fee41e44c4219bf100c7e0d5cd81942683afcd2
friends.csv,419156df88782a61047835629fae3b6f5d6df19ac2b93850d398191c3bbe3bc2
gilded_content.csv,aeeab87640784df4551750fefd44f08711055052878791b1530a5b3e146cbacd
gold_received.csv,f851d7ba4ad53e29621d09c961652c939d70f1f0f243f9f8419bd4deda2e79df
hidden_posts.csv,86044a5df2e4f791a52d9e0c1cc4acbc2404e023c314f2aa34433e5400acadf3
ip_logs.csv,b0db7a8642503cb9f1786b0df009f4ccbc139c9e81a8a9b09b0e8474b570e201
linked_identities.csv,2271c87cb7673a27cdd053e242720cd1e14bffeba236e0abe8b412b89590ff4e
linked_phone_number.csv,bc3c167867a681229d216bc662b25e00bdad861c732e268c463492b742f0c855
messages_archive.csv,b201107b453d1a477865c1c768f44c76d0983278a13c3bbfb42d6ce6a34fad2b
messages_archive_headers.csv,c905a2aa6086e2844cf9d0eb926800d7704cabea33fe28520af2bed27085f357
moderated_subreddits.csv,a96f566b23028028c3bc1c4660d55e566a11589af1ecf8f853a0734aa596ee43
multireddits.csv,ddcf8a4a546ee031f54b7236b48bfdf2790f8de7e3dfffc74dbf472de8d99cb1
payouts.csv,5d335da31d9f9b72a763c6dda36515abcac60753de524527fd618cd1e5a652ca
persona.csv,f5d482c6e6d2e740c8609f27ede50a826acfd955df0a9890e659548a3d958719
poll_votes.csv,e26bbacee45fb88e7736af36414e0e9970bf2c3722f179cf33491a36592fad4e
post_headers.csv,2059006cb6d97d939f7506df0a3505de011a99e3ce6b2ee0d7b937a6f51fcd02
post_votes.csv,7e85358308ac5a883f66ff7f767432a842e87579bf311b86465090d183d374be
posts.csv,2356187cff57877bbc95fc3f0c47714565db478aae94921b935a45c6d8f431b2
purchases.csv,3d2c4bb0c5c28da301789dd98d66aa32467bd054c798bb577a6a6ae69d470bde
saved_comments.csv,86044a5df2e4f791a52d9e0c1cc4acbc2404e023c314f2aa34433e5400acadf3
saved_posts.csv,86044a5df2e4f791a52d9e0c1cc4acbc2404e023c314f2aa34433e5400acadf3
scheduled_posts.csv,406212d18cadd34e88c63db0d2830f079f85616467f7ee80a5a6ddd0a632c548
statistics.csv,23150f246d749d848ccff3a831fd8fbce7641af2d56088383c433b6235c6df94
stripe.csv,4e340ed72d4437a31e2a71ad67f24d82ed26f4f83e2bf855a94d4322dbd2a49d
subscribed_subreddits.csv,e8b33fc7956a3a32246cb9d82804ceac1f9414076bd268d86b7cecfddbf1550b
subscriptions.csv,be44c2f3b7a4ed6543dfee0ede5b308b3fdcbac6a288bf598ddc15f1c947e3d2
user_preferences.csv,8ae5dd958704092d67b984fa4d71646e58b8a27eaab13c179b8dae9ff0914364
