preference,value
styles_enabled,True
open_post_in_new_tab,False
layout,card
remember_community_layout,False
use_markdown,False
accept_private_messages,everyone
allow_nsfw,False
activity_relevant_ads,True
allow_clicktracking,True
beta,False
blur_nsfw,True
collapse_left_bar,True
collapse_read_messages,False
compress,False
default_comment_sort,confidence
default_theme_sr,
email_digests,True
email_messages,True
email_unsubscribe_all,False
enable_default_themes,False
geopopular,
hide_ads,False
hide_downvoted_links,False
hide_from_robots,False
hide_upvoted_links,False
highlight_controversial,False
highlight_new_comments,True
ignore_suggested_sort,False
in_redesign,True
label_nsfw,True
lang,en-US
legacy_search,False
live_orangereds,True
mark_messages_read,True
media_preview,subreddit
min_comment_score,-4
min_comment_score_enabled,True
min_link_score,-4
min_link_score_enabled,True
monitor_mentions,True
newwindow,False
nightmode,False
num_comments,200
num_links_in_listing,25
private_rss_feeds,True
public_votes,False
research,False
search_include_nsfw,False
show_account_flair,True
show_domain_details,False
show_gold_expiration,False
show_link_flair,True
show_post_thumbnail_mode,subreddit
show_public_server_seconds,False
show_recently_viewed_posts,5
show_snoovatar,False
show_spotlight_box,True
show_stylesheets,True
show_trending,True
show_twitter,False
third_party_data_personalized_ads,True
third_party_site_data_personalized_ads,True
third_party_site_data_personalized_content,True
threaded_messages,True
threaded_modmail,False
top_karma_subreddits,True
tracking_post_visits,False
use_global_defaults,False
video_autoplay,True
view_legacy_profiles,False
sort,hot
remember_community_sort,False
has_seen_customize_flyout,False
top_content_times_dismissed,0
show_rpan_du,True
gild_reveal_username,False
send_welcome_messages,True
send_crosspost_messages,True
show_location_based_recommendations,True
reduce_animations_from_awards,False
email_upvote_post,True
email_upvote_comment,True
email_user_new_follower,True
email_chat_request,True
email_post_reply,True
email_comment_reply,True
email_username_mention,True
email_private_message,True
feed_recommendations_enabled,True
third_party_personalized_ads,True
show_presence,True
inferred_id_recommendations_enabled,True
country_code,ZZ
enable_followers,True
bad_comment_autocollapse,off
email_community_discovery,True
email_new_user_welcome,True
email_weekly_recap,True
live_bar_recommendations_enabled,True
spoken_languages,
whatsapp_comment_reply,False
whatsapp_enabled,False
displayed_collectibles_mode,unknown
sms_notifications_enabled,False
accept_chat_requests,anybody
show_followers,False
machine_translation_immersive,unset
enable_reddit_pro_analytics_emails,True
hidden_subreddit_ids,
hide_all_contribution,False
hide_profile_nsfw,False
safe_search,unset
hotkeys_enabled,True
preferred_languages,
cookie_consent,"CookieConsent(accepted=False, last_update_timestamp=None, status=1)"
shown_subreddit_ids,
email_reddit_pro_marketing,True
weekly_recap_email,True
collapse_games_drawer,False
email_weekly_topic,True
ads_off_reddit,True
has_migrated_ads_prefs,True
